canonical_name,aliases,unit_canonical,unit_variants,sex,age_min_years,age_max_years,normal_low,normal_high,plausible_min,plausible_max,plain_what,plain_low,plain_high,source
HbA1c,,%,,any,18,120,4,5.6,3,20,Your average blood sugar over the last 3 months.,Sugar may be running low — worth discussing with the doctor.,Sugar has been high over months. This is the main number doctors track for diabetes.,IM Smrti v2 (adult generic - NEEDS CLINICAL REVIEW)
Fasting Blood Sugar,,mg/dl,mg/dl.|mgdl,any,18,120,70,100,20,700,Blood sugar measured on an empty stomach.,Sugar dropped low — can cause dizziness or weakness.,Sugar is high on an empty stomach — a common early sign of diabetes.,IM Smrti v2 (adult generic - NEEDS CLINICAL REVIEW)
Post Prandial Blood Sugar,,mg/dl,mgdl,any,18,120,70,140,20,800,Blood sugar about 2 hours after eating.,Sugar dropped low after eating.,Sugar stays high after meals.,IM Smrti v2 (adult generic - NEEDS CLINICAL REVIEW)
Random Blood Sugar,,mg/dl,mgdl,any,18,120,70,140,20,800,Blood sugar at a random time.,Sugar is low.,Sugar is high.,IM Smrti v2 (adult generic - NEEDS CLINICAL REVIEW)
Hemoglobin,,g/dl,gm/dl|g/dl.|gdl,any,18,120,12,17,2,25,The part of blood that carries oxygen around your body.,"Low hemoglobin (anaemia) — often causes tiredness, weakness and pale skin. Very common, usually treatable with diet or iron.",Higher than usual — the doctor may want to check why.,IM Smrti v2 (adult generic - NEEDS CLINICAL REVIEW)
WBC Count,,/µl,/ul|cells/µl|cells/ul|/cumm|cells/cumm,any,18,120,4000,11000,100,100000,White blood cells — your body's defence against infection.,Lower defence cells than usual.,Often rises when the body is fighting an infection.,IM Smrti v2 (adult generic - NEEDS CLINICAL REVIEW)
Platelet Count,,/µl,/ul|/cumm|lakh/cumm,any,18,120,150000,450000,1000,2000000,Cells that help blood clot and stop bleeding.,Low platelets — bleeding or bruising can happen more easily. Doctors watch this closely in dengue.,Higher than usual.,IM Smrti v2 (adult generic - NEEDS CLINICAL REVIEW)
Total Cholesterol,,mg/dl,mgdl,any,18,120,,200,50,600,Total fat circulating in your blood.,,High cholesterol raises the long-term risk to the heart.,IM Smrti v2 (adult generic - NEEDS CLINICAL REVIEW)
LDL,,mg/dl,mgdl,any,18,120,,100,5,400,The 'bad' cholesterol that can block arteries.,,"High bad cholesterol — diet, exercise or medicine may be advised.",IM Smrti v2 (adult generic - NEEDS CLINICAL REVIEW)
HDL,,mg/dl,mgdl,any,18,120,40,,5,150,The 'good' cholesterol that protects the heart.,Low protective cholesterol — exercise usually helps raise it.,,IM Smrti v2 (adult generic - NEEDS CLINICAL REVIEW)
Triglycerides,,mg/dl,mgdl,any,18,120,,150,10,2000,"Another type of fat in the blood, linked to diet and sugar.",,"High — often improves with less sugar, less fried food and more activity.",IM Smrti v2 (adult generic - NEEDS CLINICAL REVIEW)
Creatinine,,mg/dl,mgdl,any,18,120,0.6,1.3,0.1,20,A waste product your kidneys filter out — it shows how kidneys are working.,"Lower than usual, generally not a concern.",Raised creatinine can mean the kidneys are under strain. Worth asking the doctor about.,IM Smrti v2 (adult generic - NEEDS CLINICAL REVIEW)
Urea,,mg/dl,mgdl,any,18,120,15,40,2,300,Another kidney waste product.,Low.,Raised — kidneys may be under strain or you may be dehydrated.,IM Smrti v2 (adult generic - NEEDS CLINICAL REVIEW)
Uric Acid,,mg/dl,mgdl,any,18,120,3.5,7.2,0.5,20,A waste product that can collect in joints.,Low.,"High uric acid can cause gout — sudden painful swelling, often in the big toe.",IM Smrti v2 (adult generic - NEEDS CLINICAL REVIEW)
SGPT (ALT),,u/l,iu/l|ul,any,18,120,7,56,1,3000,A liver enzyme — shows how the liver is doing.,,"Raised liver enzyme. Common causes include fatty liver, alcohol or medicines.",IM Smrti v2 (adult generic - NEEDS CLINICAL REVIEW)
SGOT (AST),,u/l,iu/l|ul,any,18,120,8,48,1,3000,Another liver enzyme.,,Raised liver enzyme — the doctor will look at this with other liver tests.,IM Smrti v2 (adult generic - NEEDS CLINICAL REVIEW)
Bilirubin Total,,mg/dl,mgdl,any,18,120,0.3,1.2,0.05,50,A yellow pigment the liver clears out.,,High bilirubin can cause yellowing of eyes or skin (jaundice).,IM Smrti v2 (adult generic - NEEDS CLINICAL REVIEW)
TSH,,µiu/ml,uiu/ml|miu/l|mlu/l|µlu/ml,any,18,120,0.4,4,0.001,150,The hormone that controls your thyroid — your body's energy thermostat.,"Low TSH usually means an overactive thyroid — can cause weight loss, fast heartbeat, anxiety.","High TSH usually means an underactive thyroid — can cause tiredness, weight gain and feeling cold. Very common and easily treated.",IM Smrti v2 (adult generic - NEEDS CLINICAL REVIEW)
Vitamin D,,ng/ml,ng/dl|nmol/l,any,18,120,30,100,1,200,The sunshine vitamin — keeps bones and muscles strong.,"Low Vitamin D is extremely common in India. It often causes tiredness, body aches, bone or joint pain and weak muscles. Usually corrected with supplements and some sunlight — ask your doctor.",Higher than needed — usually from taking too many supplements.,IM Smrti v2 (adult generic - NEEDS CLINICAL REVIEW)
Vitamin B12,,pg/ml,pmol/l,any,18,120,200,900,20,3000,"A vitamin your nerves and blood need — mostly from dairy, eggs and meat.","Low B12 can cause tiredness, tingling in hands or feet, and poor memory. Common in vegetarian diets and easily treated.","Higher than usual, generally from supplements.",IM Smrti v2 (adult generic - NEEDS CLINICAL REVIEW)
Systolic BP,,mmhg,,any,18,120,90,120,50,260,The upper blood pressure number — pressure when the heart beats.,Low blood pressure — can cause dizziness on standing.,Raised blood pressure. Sustained high BP strains the heart over years.,IM Smrti v2 (adult generic - NEEDS CLINICAL REVIEW)
Diastolic BP,,mmhg,,any,18,120,60,80,30,160,The lower blood pressure number — pressure when the heart rests.,Low.,Raised blood pressure — worth monitoring regularly.,IM Smrti v2 (adult generic - NEEDS CLINICAL REVIEW)
Heart Rate,,bpm,/min|beats/min,any,18,120,60,100,25,220,How many times the heart beats per minute.,Slower than usual.,Faster than usual.,IM Smrti v2 (adult generic - NEEDS CLINICAL REVIEW)
Weight,,kg,kgs|kg.|kilogram|kilograms,any,18,120,,,1,300,Body weight.,,,IM Smrti v2 (adult generic - NEEDS CLINICAL REVIEW)
BMI,,kg/m2,kg/m²|,any,18,120,18.5,24.9,8,80,Weight compared to height.,Underweight.,Above the healthy range — raises risk of diabetes and heart problems.,IM Smrti v2 (adult generic - NEEDS CLINICAL REVIEW)
ESR,,mm/hr,mm/1hr|mm,any,18,120,0,20,0,150,A general sign of inflammation in the body.,,Raised — the body may be fighting inflammation or infection somewhere.,IM Smrti v2 (adult generic - NEEDS CLINICAL REVIEW)
CRP,,mg/l,mg/dl,any,18,120,,5,0,500,A marker that rises with inflammation or infection.,,Raised inflammation marker.,IM Smrti v2 (adult generic - NEEDS CLINICAL REVIEW)
Calcium,,mg/dl,mgdl,any,18,120,8.5,10.5,3,20,The mineral that keeps bones and muscles working.,Low calcium can cause cramps and tingling.,High.,IM Smrti v2 (adult generic - NEEDS CLINICAL REVIEW)
Sodium,,meq/l,mmol/l,any,18,120,135,145,100,180,A salt that balances body fluids.,Low sodium can cause weakness and confusion.,High.,IM Smrti v2 (adult generic - NEEDS CLINICAL REVIEW)
Potassium,,meq/l,mmol/l,any,18,120,3.5,5.1,1,10,A mineral the heart and muscles need.,Low potassium can cause weakness and cramps.,High potassium can affect the heart — doctors take this seriously.,IM Smrti v2 (adult generic - NEEDS CLINICAL REVIEW)
Ferritin,,ng/ml,µg/l|ug/l,any,18,120,15,300,1,5000,How much iron your body has stored up.,Low iron stores — the usual reason behind anaemia and constant tiredness.,High iron stores.,IM Smrti v2 (adult generic - NEEDS CLINICAL REVIEW)
Iron,,µg/dl,ug/dl|mcg/dl,any,18,120,60,170,5,1000,Iron circulating in the blood.,Low iron.,High iron.,IM Smrti v2 (adult generic - NEEDS CLINICAL REVIEW)
eGFR,,ml/min,ml/min/1.73m2,any,18,120,90,,1,200,An estimate of how well the kidneys filter blood.,Lower filtering rate — the doctor will want to look at kidney health.,,IM Smrti v2 (adult generic - NEEDS CLINICAL REVIEW)
Hematocrit,,%,,any,18,120,36,50,10,70,How much of your blood is made up of red cells.,Low — usually goes together with low hemoglobin (anaemia).,Higher than usual — can happen with dehydration.,IM Smrti v2 (adult generic - NEEDS CLINICAL REVIEW)
RBC Count,,million/µl,million/ul|mill/cumm|10^6/µl,any,18,120,4.2,5.9,1,12,The number of red blood cells carrying oxygen.,Fewer red cells than usual — often part of anaemia.,More red cells than usual.,IM Smrti v2 (adult generic - NEEDS CLINICAL REVIEW)
MCV,,fl,,any,18,120,80,100,40,150,The average size of your red blood cells.,Smaller cells than usual — commonly seen with iron deficiency.,Larger cells than usual — often linked to low B12 or folate.,IM Smrti v2 (adult generic - NEEDS CLINICAL REVIEW)
MCH,,pg,,any,18,120,27,33,10,60,The average amount of hemoglobin inside each red cell.,Less hemoglobin per cell — often iron deficiency.,More hemoglobin per cell than usual.,IM Smrti v2 (adult generic - NEEDS CLINICAL REVIEW)
MCHC,,g/dl,%,any,18,120,32,36,20,45,How concentrated the hemoglobin is inside red cells.,Lower concentration.,Higher concentration.,IM Smrti v2 (adult generic - NEEDS CLINICAL REVIEW)
RDW,,%,,any,18,120,11.5,14.5,5,30,How much red blood cell sizes vary from each other.,,Cells vary a lot in size — an early clue to iron or vitamin deficiency.,IM Smrti v2 (adult generic - NEEDS CLINICAL REVIEW)
Neutrophils,,%,,any,18,120,40,75,0,100,The white cells that fight bacterial infection.,Lower than usual.,Often rises during a bacterial infection.,IM Smrti v2 (adult generic - NEEDS CLINICAL REVIEW)
Lymphocytes,,%,,any,18,120,20,45,0,100,The white cells that fight viral infection.,Lower than usual.,Often rises during a viral infection.,IM Smrti v2 (adult generic - NEEDS CLINICAL REVIEW)
Eosinophils,,%,,any,18,120,1,6,0,60,White cells linked to allergies and parasites.,,"Raised — commonly seen with allergies, asthma or worms.",IM Smrti v2 (adult generic - NEEDS CLINICAL REVIEW)
Monocytes,,%,,any,18,120,2,10,0,50,White cells that clean up infection and debris.,,Raised — often during recovery from infection.,IM Smrti v2 (adult generic - NEEDS CLINICAL REVIEW)
Albumin,,g/dl,,any,18,120,3.5,5.2,1,8,The main protein made by the liver.,"Low protein — can happen with poor nutrition, or liver or kidney problems.",,IM Smrti v2 (adult generic - NEEDS CLINICAL REVIEW)
Total Protein,,g/dl,,any,18,120,6,8.3,2,12,All the protein circulating in your blood.,Lower than usual.,Higher than usual.,IM Smrti v2 (adult generic - NEEDS CLINICAL REVIEW)
GGT,,u/l,iu/l,any,18,120,8,61,1,1500,A liver enzyme sensitive to alcohol and bile problems.,,"Raised — often related to alcohol, medicines or bile flow.",IM Smrti v2 (adult generic - NEEDS CLINICAL REVIEW)
Bilirubin Direct,,mg/dl,,any,18,120,0,0.3,0,30,The processed part of the yellow pigment the liver clears.,,Raised — the doctor will check this with the other liver tests.,IM Smrti v2 (adult generic - NEEDS CLINICAL REVIEW)
Alkaline Phosphatase,,u/l,iu/l,any,18,120,44,147,5,2000,An enzyme from liver and bone.,,Raised — can come from liver or bone.,IM Smrti v2 (adult generic - NEEDS CLINICAL REVIEW)
T3,,ng/dl,ng/ml,any,18,120,80,200,10,800,One of the two main thyroid hormones.,Low thyroid hormone — can cause tiredness and weight gain.,High thyroid hormone — can cause weight loss and fast heartbeat.,IM Smrti v2 (adult generic - NEEDS CLINICAL REVIEW)
T4,,µg/dl,ug/dl|mcg/dl,any,18,120,5.1,14.1,0.5,40,The main thyroid hormone your body stores.,Low thyroid hormone.,High thyroid hormone.,IM Smrti v2 (adult generic - NEEDS CLINICAL REVIEW)
Free T4,,ng/dl,,any,18,120,0.8,1.8,0.1,10,"The active, usable form of thyroid hormone.",Low.,High.,IM Smrti v2 (adult generic - NEEDS CLINICAL REVIEW)
Insulin Fasting,,µiu/ml,uiu/ml,any,18,120,2.6,24.9,0.1,300,The hormone that moves sugar from blood into your cells.,Low.,High insulin often appears years before diabetes — a useful early warning.,IM Smrti v2 (adult generic - NEEDS CLINICAL REVIEW)
VLDL,,mg/dl,,any,18,120,2,30,0,200,Another fat-carrying particle in the blood.,,Higher than usual.,IM Smrti v2 (adult generic - NEEDS CLINICAL REVIEW)
Chloride,,meq/l,mmol/l,any,18,120,98,107,60,140,A salt that keeps body fluids balanced.,Low.,High.,IM Smrti v2 (adult generic - NEEDS CLINICAL REVIEW)
BUN,,mg/dl,,any,18,120,7,20,1,200,A kidney waste product (blood urea nitrogen).,Low.,"Raised — kidneys may be strained, or you may be dehydrated.",IM Smrti v2 (adult generic - NEEDS CLINICAL REVIEW)
Phosphorus,,mg/dl,,any,18,120,2.5,4.5,0.5,15,A mineral that works with calcium for bones.,Low.,High — often linked to kidney function.,IM Smrti v2 (adult generic - NEEDS CLINICAL REVIEW)
Magnesium,,mg/dl,,any,18,120,1.7,2.2,0.3,8,A mineral muscles and nerves need.,Low magnesium can cause cramps and twitching.,High.,IM Smrti v2 (adult generic - NEEDS CLINICAL REVIEW)
hs-CRP,,mg/l,,any,18,120,,3,0,200,"A sensitive marker of low-grade inflammation, linked to heart risk.",,Raised — suggests inflammation worth discussing with the doctor.,IM Smrti v2 (adult generic - NEEDS CLINICAL REVIEW)
Troponin I,,ng/ml,,any,18,120,,0.04,0,100,A protein released when heart muscle is damaged.,,Raised troponin needs urgent medical attention.,IM Smrti v2 (adult generic - NEEDS CLINICAL REVIEW)
Urine Protein,,mg/dl,,any,18,120,,15,0,2000,Protein leaking into urine.,,Protein in urine can be an early sign the kidneys need checking.,IM Smrti v2 (adult generic - NEEDS CLINICAL REVIEW)
Urine Glucose,,mg/dl,,any,18,120,,15,0,2000,Sugar spilling into urine.,,Sugar in urine usually means blood sugar is running high.,IM Smrti v2 (adult generic - NEEDS CLINICAL REVIEW)
Urine pH,,,,any,18,120,4.6,8,3,10,How acidic or alkaline your urine is.,More acidic than usual.,More alkaline than usual.,IM Smrti v2 (adult generic - NEEDS CLINICAL REVIEW)
Urine Specific Gravity,,,,any,18,120,1.005,1.03,1,1.06,How concentrated your urine is — a rough hydration check.,Very dilute — often just a lot of water intake.,Concentrated — often a sign of dehydration.,IM Smrti v2 (adult generic - NEEDS CLINICAL REVIEW)
Folate,,ng/ml,,any,18,120,3,17,0.1,100,A vitamin needed to make healthy blood cells.,Low folate can cause anaemia and tiredness — common in pregnancy.,,IM Smrti v2 (adult generic - NEEDS CLINICAL REVIEW)
PSA,,ng/ml,,any,18,120,,4,0,200,A prostate marker checked in older men.,,Raised PSA needs follow-up with the doctor — it has several possible causes.,IM Smrti v2 (adult generic - NEEDS CLINICAL REVIEW)
Estimated Average Glucose,hba1c estimated average glucose,mg/dl,,any,18,120,70,114,20,700,Your average blood sugar in the same units as a normal sugar test.,Low.,High.,IM Smrti v2 (adult generic - NEEDS CLINICAL REVIEW)
